IXI002Guys0828,examples/T1_brain_parcellation/downloaded/IXI-T1/IXI002-Guys-0828-T1.nii.gz
IXI012HH1211,examples/T1_brain_parcellation/downloaded/IXI-T1/IXI012-HH-1211-T1.nii.gz
IXI013HH1212,examples/T1_brain_parcellation/downloaded/IXI-T1/IXI013-HH-1212-T1.nii.gz
IXI014HH1236,examples/T1_brain_parcellation/downloaded/IXI-T1/IXI014-HH-1236-T1.nii.gz
IXI015HH1258,examples/T1_brain_parcellation/downloaded/IXI-T1/IXI015-HH-1258-T1.nii.gz
IXI016Guys0697,examples/T1_brain_parcellation/downloaded/IXI-T1/IXI016-Guys-0697-T1.nii.gz
IXI017Guys0698,examples/T1_brain_parcellation/downloaded/IXI-T1/IXI017-Guys-0698-T1.nii.gz
IXI019Guys0702,examples/T1_brain_parcellation/downloaded/IXI-T1/IXI019-Guys-0702-T1.nii.gz
IXI020Guys0700,examples/T1_brain_parcellation/downloaded/IXI-T1/IXI020-Guys-0700-T1.nii.gz
IXI021Guys0703,examples/T1_brain_parcellation/downloaded/IXI-T1/IXI021-Guys-0703-T1.nii.gz
IXI022Guys0701,examples/T1_brain_parcellation/downloaded/IXI-T1/IXI022-Guys-0701-T1.nii.gz
IXI023Guys0699,examples/T1_brain_parcellation/downloaded/IXI-T1/IXI023-Guys-0699-T1.nii.gz
IXI024Guys0705,examples/T1_brain_parcellation/downloaded/IXI-T1/IXI024-Guys-0705-T1.nii.gz
IXI025Guys0852,examples/T1_brain_parcellation/downloaded/IXI-T1/IXI025-Guys-0852-T1.nii.gz
IXI026Guys0696,examples/T1_brain_parcellation/downloaded/IXI-T1/IXI026-Guys-0696-T1.nii.gz
IXI027Guys0710,examples/T1_brain_parcellation/downloaded/IXI-T1/IXI027-Guys-0710-T1.nii.gz
IXI028Guys1038,examples/T1_brain_parcellation/downloaded/IXI-T1/IXI028-Guys-1038-T1.nii.gz
IXI029Guys0829,examples/T1_brain_parcellation/downloaded/IXI-T1/IXI029-Guys-0829-T1.nii.gz
IXI030Guys0708,examples/T1_brain_parcellation/downloaded/IXI-T1/IXI030-Guys-0708-T1.nii.gz
IXI031Guys0797,examples/T1_brain_parcellation/downloaded/IXI-T1/IXI031-Guys-0797-T1.nii.gz
IXI033HH1259,examples/T1_brain_parcellation/downloaded/IXI-T1/IXI033-HH-1259-T1.nii.gz
IXI034HH1260,examples/T1_brain_parcellation/downloaded/IXI-T1/IXI034-HH-1260-T1.nii.gz
IXI035IOP0873,examples/T1_brain_parcellation/downloaded/IXI-T1/IXI035-IOP-0873-T1.nii.gz
IXI036Guys0736,examples/T1_brain_parcellation/downloaded/IXI-T1/IXI036-Guys-0736-T1.nii.gz
IXI037Guys0704,examples/T1_brain_parcellation/downloaded/IXI-T1/IXI037-Guys-0704-T1.nii.gz
IXI038Guys0729,examples/T1_brain_parcellation/downloaded/IXI-T1/IXI038-Guys-0729-T1.nii.gz
IXI039HH1261,examples/T1_brain_parcellation/downloaded/IXI-T1/IXI039-HH-1261-T1.nii.gz
IXI040Guys0724,examples/T1_brain_parcellation/downloaded/IXI-T1/IXI040-Guys-0724-T1.nii.gz
IXI041Guys0706,examples/T1_brain_parcellation/downloaded/IXI-T1/IXI041-Guys-0706-T1.nii.gz
IXI042Guys0725,examples/T1_brain_parcellation/downloaded/IXI-T1/IXI042-Guys-0725-T1.nii.gz
IXI043Guys0714,examples/T1_brain_parcellation/downloaded/IXI-T1/IXI043-Guys-0714-T1.nii.gz
IXI044Guys0712,examples/T1_brain_parcellation/downloaded/IXI-T1/IXI044-Guys-0712-T1.nii.gz
IXI045Guys0713,examples/T1_brain_parcellation/downloaded/IXI-T1/IXI045-Guys-0713-T1.nii.gz
IXI046Guys0824,examples/T1_brain_parcellation/downloaded/IXI-T1/IXI046-Guys-0824-T1.nii.gz
IXI048HH1326,examples/T1_brain_parcellation/downloaded/IXI-T1/IXI048-HH-1326-T1.nii.gz
IXI049HH1358,examples/T1_brain_parcellation/downloaded/IXI-T1/IXI049-HH-1358-T1.nii.gz
IXI050Guys0711,examples/T1_brain_parcellation/downloaded/IXI-T1/IXI050-Guys-0711-T1.nii.gz
IXI051HH1328,examples/T1_brain_parcellation/downloaded/IXI-T1/IXI051-HH-1328-T1.nii.gz
IXI052HH1343,examples/T1_brain_parcellation/downloaded/IXI-T1/IXI052-HH-1343-T1.nii.gz
IXI053Guys0727,examples/T1_brain_parcellation/downloaded/IXI-T1/IXI053-Guys-0727-T1.nii.gz
IXI054Guys0707,examples/T1_brain_parcellation/downloaded/IXI-T1/IXI054-Guys-0707-T1.nii.gz
IXI055Guys0730,examples/T1_brain_parcellation/downloaded/IXI-T1/IXI055-Guys-0730-T1.nii.gz
IXI056HH1327,examples/T1_brain_parcellation/downloaded/IXI-T1/IXI056-HH-1327-T1.nii.gz
IXI057HH1342,examples/T1_brain_parcellation/downloaded/IXI-T1/IXI057-HH-1342-T1.nii.gz
IXI058Guys0726,examples/T1_brain_parcellation/downloaded/IXI-T1/IXI058-Guys-0726-T1.nii.gz
IXI059HH1284,examples/T1_brain_parcellation/downloaded/IXI-T1/IXI059-HH-1284-T1.nii.gz
IXI060Guys0709,examples/T1_brain_parcellation/downloaded/IXI-T1/IXI060-Guys-0709-T1.nii.gz
IXI061Guys0715,examples/T1_brain_parcellation/downloaded/IXI-T1/IXI061-Guys-0715-T1.nii.gz
IXI062Guys0740,examples/T1_brain_parcellation/downloaded/IXI-T1/IXI062-Guys-0740-T1.nii.gz
IXI063Guys0742,examples/T1_brain_parcellation/downloaded/IXI-T1/IXI063-Guys-0742-T1.nii.gz
IXI064Guys0743,examples/T1_brain_parcellation/downloaded/IXI-T1/IXI064-Guys-0743-T1.nii.gz
IXI065Guys0744,examples/T1_brain_parcellation/downloaded/IXI-T1/IXI065-Guys-0744-T1.nii.gz
IXI066Guys0731,examples/T1_brain_parcellation/downloaded/IXI-T1/IXI066-Guys-0731-T1.nii.gz
IXI067HH1356,examples/T1_brain_parcellation/downloaded/IXI-T1/IXI067-HH-1356-T1.nii.gz
IXI068Guys0756,examples/T1_brain_parcellation/downloaded/IXI-T1/IXI068-Guys-0756-T1.nii.gz
IXI069Guys0769,examples/T1_brain_parcellation/downloaded/IXI-T1/IXI069-Guys-0769-T1.nii.gz
IXI070Guys0767,examples/T1_brain_parcellation/downloaded/IXI-T1/IXI070-Guys-0767-T1.nii.gz
IXI071Guys0770,examples/T1_brain_parcellation/downloaded/IXI-T1/IXI071-Guys-0770-T1.nii.gz
IXI072HH2324,examples/T1_brain_parcellation/downloaded/IXI-T1/IXI072-HH-2324-T1.nii.gz
IXI073Guys0755,examples/T1_brain_parcellation/downloaded/IXI-T1/IXI073-Guys-0755-T1.nii.gz
IXI074Guys0771,examples/T1_brain_parcellation/downloaded/IXI-T1/IXI074-Guys-0771-T1.nii.gz
IXI075Guys0754,examples/T1_brain_parcellation/downloaded/IXI-T1/IXI075-Guys-0754-T1.nii.gz
IXI076Guys0753,examples/T1_brain_parcellation/downloaded/IXI-T1/IXI076-Guys-0753-T1.nii.gz
IXI077Guys0752,examples/T1_brain_parcellation/downloaded/IXI-T1/IXI077-Guys-0752-T1.nii.gz
IXI078Guys0751,examples/T1_brain_parcellation/downloaded/IXI-T1/IXI078-Guys-0751-T1.nii.gz
IXI079HH1388,examples/T1_brain_parcellation/downloaded/IXI-T1/IXI079-HH-1388-T1.nii.gz
IXI080HH1341,examples/T1_brain_parcellation/downloaded/IXI-T1/IXI080-HH-1341-T1.nii.gz
IXI081Guys0855,examples/T1_brain_parcellation/downloaded/IXI-T1/IXI081-Guys-0855-T1.nii.gz
IXI083HH1357,examples/T1_brain_parcellation/downloaded/IXI-T1/IXI083-HH-1357-T1.nii.gz
IXI084Guys0741,examples/T1_brain_parcellation/downloaded/IXI-T1/IXI084-Guys-0741-T1.nii.gz
IXI085Guys0759,examples/T1_brain_parcellation/downloaded/IXI-T1/IXI085-Guys-0759-T1.nii.gz
IXI086Guys0728,examples/T1_brain_parcellation/downloaded/IXI-T1/IXI086-Guys-0728-T1.nii.gz
IXI087Guys0768,examples/T1_brain_parcellation/downloaded/IXI-T1/IXI087-Guys-0768-T1.nii.gz
IXI088Guys0758,examples/T1_brain_parcellation/downloaded/IXI-T1/IXI088-Guys-0758-T1.nii.gz
IXI089Guys0757,examples/T1_brain_parcellation/downloaded/IXI-T1/IXI089-Guys-0757-T1.nii.gz
IXI090Guys0800,examples/T1_brain_parcellation/downloaded/IXI-T1/IXI090-Guys-0800-T1.nii.gz
IXI091Guys0762,examples/T1_brain_parcellation/downloaded/IXI-T1/IXI091-Guys-0762-T1.nii.gz
IXI092HH1436,examples/T1_brain_parcellation/downloaded/IXI-T1/IXI092-HH-1436-T1.nii.gz
IXI093HH1359,examples/T1_brain_parcellation/downloaded/IXI-T1/IXI093-HH-1359-T1.nii.gz
IXI094HH1355,examples/T1_brain_parcellation/downloaded/IXI-T1/IXI094-HH-1355-T1.nii.gz
IXI095HH1390,examples/T1_brain_parcellation/downloaded/IXI-T1/IXI095-HH-1390-T1.nii.gz
IXI096HH1391,examples/T1_brain_parcellation/downloaded/IXI-T1/IXI096-HH-1391-T1.nii.gz
IXI097HH1619,examples/T1_brain_parcellation/downloaded/IXI-T1/IXI097-HH-1619-T1.nii.gz
IXI098Guys0745,examples/T1_brain_parcellation/downloaded/IXI-T1/IXI098-Guys-0745-T1.nii.gz
IXI099Guys0748,examples/T1_brain_parcellation/downloaded/IXI-T1/IXI099-Guys-0748-T1.nii.gz
IXI100Guys0747,examples/T1_brain_parcellation/downloaded/IXI-T1/IXI100-Guys-0747-T1.nii.gz
IXI101Guys0749,examples/T1_brain_parcellation/downloaded/IXI-T1/IXI101-Guys-0749-T1.nii.gz
IXI102HH1416,examples/T1_brain_parcellation/downloaded/IXI-T1/IXI102-HH-1416-T1.nii.gz
IXI103Guys0750,examples/T1_brain_parcellation/downloaded/IXI-T1/IXI103-Guys-0750-T1.nii.gz
IXI104HH1450,examples/T1_brain_parcellation/downloaded/IXI-T1/IXI104-HH-1450-T1.nii.gz
IXI105HH1471,examples/T1_brain_parcellation/downloaded/IXI-T1/IXI105-HH-1471-T1.nii.gz
IXI106Guys0760,examples/T1_brain_parcellation/downloaded/IXI-T1/IXI106-Guys-0760-T1.nii.gz
IXI107Guys0761,examples/T1_brain_parcellation/downloaded/IXI-T1/IXI107-Guys-0761-T1.nii.gz
IXI108Guys0865,examples/T1_brain_parcellation/downloaded/IXI-T1/IXI108-Guys-0865-T1.nii.gz
IXI109Guys0732,examples/T1_brain_parcellation/downloaded/IXI-T1/IXI109-Guys-0732-T1.nii.gz
IXI110Guys0733,examples/T1_brain_parcellation/downloaded/IXI-T1/IXI110-Guys-0733-T1.nii.gz
IXI111Guys0734,examples/T1_brain_parcellation/downloaded/IXI-T1/IXI111-Guys-0734-T1.nii.gz
IXI112Guys0735,examples/T1_brain_parcellation/downloaded/IXI-T1/IXI112-Guys-0735-T1.nii.gz
IXI113Guys0776,examples/T1_brain_parcellation/downloaded/IXI-T1/IXI113-Guys-0776-T1.nii.gz
IXI114Guys0737,examples/T1_brain_parcellation/downloaded/IXI-T1/IXI114-Guys-0737-T1.nii.gz
IXI115Guys0738,examples/T1_brain_parcellation/downloaded/IXI-T1/IXI115-Guys-0738-T1.nii.gz
IXI116Guys0739,examples/T1_brain_parcellation/downloaded/IXI-T1/IXI116-Guys-0739-T1.nii.gz
IXI117Guys0763,examples/T1_brain_parcellation/downloaded/IXI-T1/IXI117-Guys-0763-T1.nii.gz
IXI118Guys0764,examples/T1_brain_parcellation/downloaded/IXI-T1/IXI118-Guys-0764-T1.nii.gz
IXI119Guys0765,examples/T1_brain_parcellation/downloaded/IXI-T1/IXI119-Guys-0765-T1.nii.gz
IXI120Guys0766,examples/T1_brain_parcellation/downloaded/IXI-T1/IXI120-Guys-0766-T1.nii.gz
IXI121Guys0772,examples/T1_brain_parcellation/downloaded/IXI-T1/IXI121-Guys-0772-T1.nii.gz
IXI122Guys0773,examples/T1_brain_parcellation/downloaded/IXI-T1/IXI122-Guys-0773-T1.nii.gz
IXI123Guys0774,examples/T1_brain_parcellation/downloaded/IXI-T1/IXI123-Guys-0774-T1.nii.gz
IXI126HH1437,examples/T1_brain_parcellation/downloaded/IXI-T1/IXI126-HH-1437-T1.nii.gz
IXI127HH1451,examples/T1_brain_parcellation/downloaded/IXI-T1/IXI127-HH-1451-T1.nii.gz
IXI128HH1470,examples/T1_brain_parcellation/downloaded/IXI-T1/IXI128-HH-1470-T1.nii.gz
IXI129Guys0775,examples/T1_brain_parcellation/downloaded/IXI-T1/IXI129-Guys-0775-T1.nii.gz
IXI130HH1528,examples/T1_brain_parcellation/downloaded/IXI-T1/IXI130-HH-1528-T1.nii.gz
IXI131HH1527,examples/T1_brain_parcellation/downloaded/IXI-T1/IXI131-HH-1527-T1.nii.gz
IXI132HH1415,examples/T1_brain_parcellation/downloaded/IXI-T1/IXI132-HH-1415-T1.nii.gz
IXI134Guys0780,examples/T1_brain_parcellation/downloaded/IXI-T1/IXI134-Guys-0780-T1.nii.gz
IXI135Guys0779,examples/T1_brain_parcellation/downloaded/IXI-T1/IXI135-Guys-0779-T1.nii.gz
IXI136HH1452,examples/T1_brain_parcellation/downloaded/IXI-T1/IXI136-HH-1452-T1.nii.gz
IXI137HH1472,examples/T1_brain_parcellation/downloaded/IXI-T1/IXI137-HH-1472-T1.nii.gz
IXI138Guys0746,examples/T1_brain_parcellation/downloaded/IXI-T1/IXI138-Guys-0746-T1.nii.gz
IXI139Guys0815,examples/T1_brain_parcellation/downloaded/IXI-T1/IXI139-Guys-0815-T1.nii.gz
IXI140Guys0787,examples/T1_brain_parcellation/downloaded/IXI-T1/IXI140-Guys-0787-T1.nii.gz
IXI141Guys0789,examples/T1_brain_parcellation/downloaded/IXI-T1/IXI141-Guys-0789-T1.nii.gz
IXI142Guys0786,examples/T1_brain_parcellation/downloaded/IXI-T1/IXI142-Guys-0786-T1.nii.gz
IXI143Guys0785,examples/T1_brain_parcellation/downloaded/IXI-T1/IXI143-Guys-0785-T1.nii.gz
IXI144Guys0788,examples/T1_brain_parcellation/downloaded/IXI-T1/IXI144-Guys-0788-T1.nii.gz
IXI145Guys0781,examples/T1_brain_parcellation/downloaded/IXI-T1/IXI145-Guys-0781-T1.nii.gz
IXI146HH1389,examples/T1_brain_parcellation/downloaded/IXI-T1/IXI146-HH-1389-T1.nii.gz
IXI148HH1453,examples/T1_brain_parcellation/downloaded/IXI-T1/IXI148-HH-1453-T1.nii.gz
IXI150HH1550,examples/T1_brain_parcellation/downloaded/IXI-T1/IXI150-HH-1550-T1.nii.gz
IXI151Guys0793,examples/T1_brain_parcellation/downloaded/IXI-T1/IXI151-Guys-0793-T1.nii.gz
IXI153Guys0782,examples/T1_brain_parcellation/downloaded/IXI-T1/IXI153-Guys-0782-T1.nii.gz
IXI154Guys0821,examples/T1_brain_parcellation/downloaded/IXI-T1/IXI154-Guys-0821-T1.nii.gz
IXI156Guys0837,examples/T1_brain_parcellation/downloaded/IXI-T1/IXI156-Guys-0837-T1.nii.gz
IXI157Guys0816,examples/T1_brain_parcellation/downloaded/IXI-T1/IXI157-Guys-0816-T1.nii.gz
IXI158Guys0783,examples/T1_brain_parcellation/downloaded/IXI-T1/IXI158-Guys-0783-T1.nii.gz
IXI159HH1549,examples/T1_brain_parcellation/downloaded/IXI-T1/IXI159-HH-1549-T1.nii.gz
IXI160HH1637,examples/T1_brain_parcellation/downloaded/IXI-T1/IXI160-HH-1637-T1.nii.gz
IXI161HH2533,examples/T1_brain_parcellation/downloaded/IXI-T1/IXI161-HH-2533-T1.nii.gz
IXI162HH1548,examples/T1_brain_parcellation/downloaded/IXI-T1/IXI162-HH-1548-T1.nii.gz
IXI163HH1621,examples/T1_brain_parcellation/downloaded/IXI-T1/IXI163-HH-1621-T1.nii.gz
IXI164Guys0844,examples/T1_brain_parcellation/downloaded/IXI-T1/IXI164-Guys-0844-T1.nii.gz
IXI165HH1589,examples/T1_brain_parcellation/downloaded/IXI-T1/IXI165-HH-1589-T1.nii.gz
IXI166Guys0846,examples/T1_brain_parcellation/downloaded/IXI-T1/IXI166-Guys-0846-T1.nii.gz
IXI167HH1569,examples/T1_brain_parcellation/downloaded/IXI-T1/IXI167-HH-1569-T1.nii.gz
IXI168HH1607,examples/T1_brain_parcellation/downloaded/IXI-T1/IXI168-HH-1607-T1.nii.gz
IXI169Guys0842,examples/T1_brain_parcellation/downloaded/IXI-T1/IXI169-Guys-0842-T1.nii.gz
IXI170Guys0843,examples/T1_brain_parcellation/downloaded/IXI-T1/IXI170-Guys-0843-T1.nii.gz
IXI172Guys0982,examples/T1_brain_parcellation/downloaded/IXI-T1/IXI172-Guys-0982-T1.nii.gz
IXI173HH1590,examples/T1_brain_parcellation/downloaded/IXI-T1/IXI173-HH-1590-T1.nii.gz
IXI174HH1571,examples/T1_brain_parcellation/downloaded/IXI-T1/IXI174-HH-1571-T1.nii.gz
IXI175HH1570,examples/T1_brain_parcellation/downloaded/IXI-T1/IXI175-HH-1570-T1.nii.gz
IXI176HH1604,examples/T1_brain_parcellation/downloaded/IXI-T1/IXI176-HH-1604-T1.nii.gz
IXI177Guys0831,examples/T1_brain_parcellation/downloaded/IXI-T1/IXI177-Guys-0831-T1.nii.gz
IXI178Guys0778,examples/T1_brain_parcellation/downloaded/IXI-T1/IXI178-Guys-0778-T1.nii.gz
IXI179Guys0777,examples/T1_brain_parcellation/downloaded/IXI-T1/IXI179-Guys-0777-T1.nii.gz
IXI180HH1605,examples/T1_brain_parcellation/downloaded/IXI-T1/IXI180-HH-1605-T1.nii.gz
IXI181Guys0790,examples/T1_brain_parcellation/downloaded/IXI-T1/IXI181-Guys-0790-T1.nii.gz
IXI182Guys0792,examples/T1_brain_parcellation/downloaded/IXI-T1/IXI182-Guys-0792-T1.nii.gz
IXI183Guys0791,examples/T1_brain_parcellation/downloaded/IXI-T1/IXI183-Guys-0791-T1.nii.gz
IXI184Guys0794,examples/T1_brain_parcellation/downloaded/IXI-T1/IXI184-Guys-0794-T1.nii.gz
IXI185Guys0795,examples/T1_brain_parcellation/downloaded/IXI-T1/IXI185-Guys-0795-T1.nii.gz
IXI186Guys0796,examples/T1_brain_parcellation/downloaded/IXI-T1/IXI186-Guys-0796-T1.nii.gz
IXI188Guys0798,examples/T1_brain_parcellation/downloaded/IXI-T1/IXI188-Guys-0798-T1.nii.gz
IXI189Guys0799,examples/T1_brain_parcellation/downloaded/IXI-T1/IXI189-Guys-0799-T1.nii.gz
IXI191Guys0801,examples/T1_brain_parcellation/downloaded/IXI-T1/IXI191-Guys-0801-T1.nii.gz
IXI192Guys0878,examples/T1_brain_parcellation/downloaded/IXI-T1/IXI192-Guys-0878-T1.nii.gz
IXI193Guys0810,examples/T1_brain_parcellation/downloaded/IXI-T1/IXI193-Guys-0810-T1.nii.gz
IXI194Guys0818,examples/T1_brain_parcellation/downloaded/IXI-T1/IXI194-Guys-0818-T1.nii.gz
IXI195HH1620,examples/T1_brain_parcellation/downloaded/IXI-T1/IXI195-HH-1620-T1.nii.gz
IXI196Guys0805,examples/T1_brain_parcellation/downloaded/IXI-T1/IXI196-Guys-0805-T1.nii.gz
IXI197Guys0811,examples/T1_brain_parcellation/downloaded/IXI-T1/IXI197-Guys-0811-T1.nii.gz
IXI198Guys0803,examples/T1_brain_parcellation/downloaded/IXI-T1/IXI198-Guys-0803-T1.nii.gz
IXI199Guys0802,examples/T1_brain_parcellation/downloaded/IXI-T1/IXI199-Guys-0802-T1.nii.gz
IXI200Guys0812,examples/T1_brain_parcellation/downloaded/IXI-T1/IXI200-Guys-0812-T1.nii.gz
IXI201HH1588,examples/T1_brain_parcellation/downloaded/IXI-T1/IXI201-HH-1588-T1.nii.gz
IXI202HH1526,examples/T1_brain_parcellation/downloaded/IXI-T1/IXI202-HH-1526-T1.nii.gz
IXI204HH1651,examples/T1_brain_parcellation/downloaded/IXI-T1/IXI204-HH-1651-T1.nii.gz
IXI205HH1649,examples/T1_brain_parcellation/downloaded/IXI-T1/IXI205-HH-1649-T1.nii.gz
IXI206HH1650,examples/T1_brain_parcellation/downloaded/IXI-T1/IXI206-HH-1650-T1.nii.gz
IXI207Guys0809,examples/T1_brain_parcellation/downloaded/IXI-T1/IXI207-Guys-0809-T1.nii.gz
IXI208Guys0808,examples/T1_brain_parcellation/downloaded/IXI-T1/IXI208-Guys-0808-T1.nii.gz
IXI209Guys0804,examples/T1_brain_parcellation/downloaded/IXI-T1/IXI209-Guys-0804-T1.nii.gz
IXI210Guys0856,examples/T1_brain_parcellation/downloaded/IXI-T1/IXI210-Guys-0856-T1.nii.gz
IXI211HH1568,examples/T1_brain_parcellation/downloaded/IXI-T1/IXI211-HH-1568-T1.nii.gz
IXI212HH1643,examples/T1_brain_parcellation/downloaded/IXI-T1/IXI212-HH-1643-T1.nii.gz
IXI213HH1642,examples/T1_brain_parcellation/downloaded/IXI-T1/IXI213-HH-1642-T1.nii.gz
IXI214HH1636,examples/T1_brain_parcellation/downloaded/IXI-T1/IXI214-HH-1636-T1.nii.gz
IXI216HH1635,examples/T1_brain_parcellation/downloaded/IXI-T1/IXI216-HH-1635-T1.nii.gz
IXI217HH1638,examples/T1_brain_parcellation/downloaded/IXI-T1/IXI217-HH-1638-T1.nii.gz
IXI218HH1815,examples/T1_brain_parcellation/downloaded/IXI-T1/IXI218-HH-1815-T1.nii.gz
IXI219Guys0894,examples/T1_brain_parcellation/downloaded/IXI-T1/IXI219-Guys-0894-T1.nii.gz
IXI221HH1606,examples/T1_brain_parcellation/downloaded/IXI-T1/IXI221-HH-1606-T1.nii.gz
IXI222Guys0819,examples/T1_brain_parcellation/downloaded/IXI-T1/IXI222-Guys-0819-T1.nii.gz
IXI223Guys0830,examples/T1_brain_parcellation/downloaded/IXI-T1/IXI223-Guys-0830-T1.nii.gz
IXI224Guys0823,examples/T1_brain_parcellation/downloaded/IXI-T1/IXI224-Guys-0823-T1.nii.gz
IXI225Guys0832,examples/T1_brain_parcellation/downloaded/IXI-T1/IXI225-Guys-0832-T1.nii.gz
IXI226HH1618,examples/T1_brain_parcellation/downloaded/IXI-T1/IXI226-HH-1618-T1.nii.gz
IXI227Guys0813,examples/T1_brain_parcellation/downloaded/IXI-T1/IXI227-Guys-0813-T1.nii.gz
IXI228Guys0822,examples/T1_brain_parcellation/downloaded/IXI-T1/IXI228-Guys-0822-T1.nii.gz
IXI229Guys0980,examples/T1_brain_parcellation/downloaded/IXI-T1/IXI229-Guys-0980-T1.nii.gz
IXI230IOP0869,examples/T1_brain_parcellation/downloaded/IXI-T1/IXI230-IOP-0869-T1.nii.gz
IXI231IOP0866,examples/T1_brain_parcellation/downloaded/IXI-T1/IXI231-IOP-0866-T1.nii.gz
IXI232IOP0898,examples/T1_brain_parcellation/downloaded/IXI-T1/IXI232-IOP-0898-T1.nii.gz
IXI233IOP0875,examples/T1_brain_parcellation/downloaded/IXI-T1/IXI233-IOP-0875-T1.nii.gz
IXI234IOP0870,examples/T1_brain_parcellation/downloaded/IXI-T1/IXI234-IOP-0870-T1.nii.gz
IXI236Guys0817,examples/T1_brain_parcellation/downloaded/IXI-T1/IXI236-Guys-0817-T1.nii.gz
IXI237Guys1049,examples/T1_brain_parcellation/downloaded/IXI-T1/IXI237-Guys-1049-T1.nii.gz
IXI238IOP0883,examples/T1_brain_parcellation/downloaded/IXI-T1/IXI238-IOP-0883-T1.nii.gz
IXI239HH2296,examples/T1_brain_parcellation/downloaded/IXI-T1/IXI239-HH-2296-T1.nii.gz
IXI240Guys0834,examples/T1_brain_parcellation/downloaded/IXI-T1/IXI240-Guys-0834-T1.nii.gz
IXI241Guys0833,examples/T1_brain_parcellation/downloaded/IXI-T1/IXI241-Guys-0833-T1.nii.gz
IXI242HH1722,examples/T1_brain_parcellation/downloaded/IXI-T1/IXI242-HH-1722-T1.nii.gz
IXI244Guys0841,examples/T1_brain_parcellation/downloaded/IXI-T1/IXI244-Guys-0841-T1.nii.gz
IXI246Guys0840,examples/T1_brain_parcellation/downloaded/IXI-T1/IXI246-Guys-0840-T1.nii.gz
IXI247Guys0838,examples/T1_brain_parcellation/downloaded/IXI-T1/IXI247-Guys-0838-T1.nii.gz
IXI248HH1972,examples/T1_brain_parcellation/downloaded/IXI-T1/IXI248-HH-1972-T1.nii.gz
IXI249Guys1072,examples/T1_brain_parcellation/downloaded/IXI-T1/IXI249-Guys-1072-T1.nii.gz
IXI250Guys0836,examples/T1_brain_parcellation/downloaded/IXI-T1/IXI250-Guys-0836-T1.nii.gz
IXI251Guys1055,examples/T1_brain_parcellation/downloaded/IXI-T1/IXI251-Guys-1055-T1.nii.gz
IXI252HH1693,examples/T1_brain_parcellation/downloaded/IXI-T1/IXI252-HH-1693-T1.nii.gz
IXI253HH1694,examples/T1_brain_parcellation/downloaded/IXI-T1/IXI253-HH-1694-T1.nii.gz
IXI254HH1705,examples/T1_brain_parcellation/downloaded/IXI-T1/IXI254-HH-1705-T1.nii.gz
IXI255HH1882,examples/T1_brain_parcellation/downloaded/IXI-T1/IXI255-HH-1882-T1.nii.gz
IXI256HH1723,examples/T1_brain_parcellation/downloaded/IXI-T1/IXI256-HH-1723-T1.nii.gz
IXI257HH1724,examples/T1_brain_parcellation/downloaded/IXI-T1/IXI257-HH-1724-T1.nii.gz
IXI258HH1769,examples/T1_brain_parcellation/downloaded/IXI-T1/IXI258-HH-1769-T1.nii.gz
IXI259HH1804,examples/T1_brain_parcellation/downloaded/IXI-T1/IXI259-HH-1804-T1.nii.gz
IXI260HH1805,examples/T1_brain_parcellation/downloaded/IXI-T1/IXI260-HH-1805-T1.nii.gz
IXI261HH1704,examples/T1_brain_parcellation/downloaded/IXI-T1/IXI261-HH-1704-T1.nii.gz
IXI262HH1861,examples/T1_brain_parcellation/downloaded/IXI-T1/IXI262-HH-1861-T1.nii.gz
IXI263HH1684,examples/T1_brain_parcellation/downloaded/IXI-T1/IXI263-HH-1684-T1.nii.gz
IXI264Guys0854,examples/T1_brain_parcellation/downloaded/IXI-T1/IXI264-Guys-0854-T1.nii.gz
IXI265Guys0845,examples/T1_brain_parcellation/downloaded/IXI-T1/IXI265-Guys-0845-T1.nii.gz
IXI266Guys0853,examples/T1_brain_parcellation/downloaded/IXI-T1/IXI266-Guys-0853-T1.nii.gz
IXI267HH1772,examples/T1_brain_parcellation/downloaded/IXI-T1/IXI267-HH-1772-T1.nii.gz
IXI268Guys0858,examples/T1_brain_parcellation/downloaded/IXI-T1/IXI268-Guys-0858-T1.nii.gz
IXI269Guys0839,examples/T1_brain_parcellation/downloaded/IXI-T1/IXI269-Guys-0839-T1.nii.gz
IXI270Guys0847,examples/T1_brain_parcellation/downloaded/IXI-T1/IXI270-Guys-0847-T1.nii.gz
IXI274HH2294,examples/T1_brain_parcellation/downloaded/IXI-T1/IXI274-HH-2294-T1.nii.gz
IXI275HH1803,examples/T1_brain_parcellation/downloaded/IXI-T1/IXI275-HH-1803-T1.nii.gz
IXI276HH1840,examples/T1_brain_parcellation/downloaded/IXI-T1/IXI276-HH-1840-T1.nii.gz
IXI277HH1770,examples/T1_brain_parcellation/downloaded/IXI-T1/IXI277-HH-1770-T1.nii.gz
IXI278HH1771,examples/T1_brain_parcellation/downloaded/IXI-T1/IXI278-HH-1771-T1.nii.gz
IXI279Guys1044,examples/T1_brain_parcellation/downloaded/IXI-T1/IXI279-Guys-1044-T1.nii.gz
IXI280HH1860,examples/T1_brain_parcellation/downloaded/IXI-T1/IXI280-HH-1860-T1.nii.gz
IXI282HH2025,examples/T1_brain_parcellation/downloaded/IXI-T1/IXI282-HH-2025-T1.nii.gz
IXI284HH2354,examples/T1_brain_parcellation/downloaded/IXI-T1/IXI284-HH-2354-T1.nii.gz
IXI285Guys0857,examples/T1_brain_parcellation/downloaded/IXI-T1/IXI285-Guys-0857-T1.nii.gz
IXI286Guys0859,examples/T1_brain_parcellation/downloaded/IXI-T1/IXI286-Guys-0859-T1.nii.gz
IXI287Guys0863,examples/T1_brain_parcellation/downloaded/IXI-T1/IXI287-Guys-0863-T1.nii.gz
IXI288Guys0879,examples/T1_brain_parcellation/downloaded/IXI-T1/IXI288-Guys-0879-T1.nii.gz
IXI289Guys0864,examples/T1_brain_parcellation/downloaded/IXI-T1/IXI289-Guys-0864-T1.nii.gz
IXI290IOP0874,examples/T1_brain_parcellation/downloaded/IXI-T1/IXI290-IOP-0874-T1.nii.gz
IXI291IOP0882,examples/T1_brain_parcellation/downloaded/IXI-T1/IXI291-IOP-0882-T1.nii.gz
IXI292IOP0877,examples/T1_brain_parcellation/downloaded/IXI-T1/IXI292-IOP-0877-T1.nii.gz
IXI293IOP0876,examples/T1_brain_parcellation/downloaded/IXI-T1/IXI293-IOP-0876-T1.nii.gz
IXI294IOP0868,examples/T1_brain_parcellation/downloaded/IXI-T1/IXI294-IOP-0868-T1.nii.gz
IXI295HH1814,examples/T1_brain_parcellation/downloaded/IXI-T1/IXI295-HH-1814-T1.nii.gz
IXI296HH1970,examples/T1_brain_parcellation/downloaded/IXI-T1/IXI296-HH-1970-T1.nii.gz
IXI297Guys0886,examples/T1_brain_parcellation/downloaded/IXI-T1/IXI297-Guys-0886-T1.nii.gz
IXI298Guys0861,examples/T1_brain_parcellation/downloaded/IXI-T1/IXI298-Guys-0861-T1.nii.gz
IXI299Guys0893,examples/T1_brain_parcellation/downloaded/IXI-T1/IXI299-Guys-0893-T1.nii.gz
IXI300Guys0880,examples/T1_brain_parcellation/downloaded/IXI-T1/IXI300-Guys-0880-T1.nii.gz
IXI302HH1883,examples/T1_brain_parcellation/downloaded/IXI-T1/IXI302-HH-1883-T1.nii.gz
IXI303IOP0968,examples/T1_brain_parcellation/downloaded/IXI-T1/IXI303-IOP-0968-T1.nii.gz
IXI304Guys0862,examples/T1_brain_parcellation/downloaded/IXI-T1/IXI304-Guys-0862-T1.nii.gz
IXI305IOP0871,examples/T1_brain_parcellation/downloaded/IXI-T1/IXI305-IOP-0871-T1.nii.gz
IXI306IOP0867,examples/T1_brain_parcellation/downloaded/IXI-T1/IXI306-IOP-0867-T1.nii.gz
IXI307IOP0872,examples/T1_brain_parcellation/downloaded/IXI-T1/IXI307-IOP-0872-T1.nii.gz
IXI308Guys0884,examples/T1_brain_parcellation/downloaded/IXI-T1/IXI308-Guys-0884-T1.nii.gz
IXI309IOP0897,examples/T1_brain_parcellation/downloaded/IXI-T1/IXI309-IOP-0897-T1.nii.gz
IXI310IOP0890,examples/T1_brain_parcellation/downloaded/IXI-T1/IXI310-IOP-0890-T1.nii.gz
IXI311Guys0885,examples/T1_brain_parcellation/downloaded/IXI-T1/IXI311-Guys-0885-T1.nii.gz
IXI312Guys0887,examples/T1_brain_parcellation/downloaded/IXI-T1/IXI312-Guys-0887-T1.nii.gz
IXI313HH2241,examples/T1_brain_parcellation/downloaded/IXI-T1/IXI313-HH-2241-T1.nii.gz
IXI314IOP0889,examples/T1_brain_parcellation/downloaded/IXI-T1/IXI314-IOP-0889-T1.nii.gz
IXI315IOP0888,examples/T1_brain_parcellation/downloaded/IXI-T1/IXI315-IOP-0888-T1.nii.gz
IXI316HH1862,examples/T1_brain_parcellation/downloaded/IXI-T1/IXI316-HH-1862-T1.nii.gz
IXI317Guys0896,examples/T1_brain_parcellation/downloaded/IXI-T1/IXI317-Guys-0896-T1.nii.gz
IXI318Guys0895,examples/T1_brain_parcellation/downloaded/IXI-T1/IXI318-Guys-0895-T1.nii.gz
IXI319Guys0901,examples/T1_brain_parcellation/downloaded/IXI-T1/IXI319-Guys-0901-T1.nii.gz
IXI320Guys0902,examples/T1_brain_parcellation/downloaded/IXI-T1/IXI320-Guys-0902-T1.nii.gz
IXI321Guys0903,examples/T1_brain_parcellation/downloaded/IXI-T1/IXI321-Guys-0903-T1.nii.gz
IXI322IOP0891,examples/T1_brain_parcellation/downloaded/IXI-T1/IXI322-IOP-0891-T1.nii.gz
IXI324Guys0922,examples/T1_brain_parcellation/downloaded/IXI-T1/IXI324-Guys-0922-T1.nii.gz
IXI325Guys0911,examples/T1_brain_parcellation/downloaded/IXI-T1/IXI325-Guys-0911-T1.nii.gz
IXI326Guys0907,examples/T1_brain_parcellation/downloaded/IXI-T1/IXI326-Guys-0907-T1.nii.gz
IXI327HH1999,examples/T1_brain_parcellation/downloaded/IXI-T1/IXI327-HH-1999-T1.nii.gz
IXI328HH2295,examples/T1_brain_parcellation/downloaded/IXI-T1/IXI328-HH-2295-T1.nii.gz
IXI329HH1908,examples/T1_brain_parcellation/downloaded/IXI-T1/IXI329-HH-1908-T1.nii.gz
IXI330Guys0881,examples/T1_brain_parcellation/downloaded/IXI-T1/IXI330-Guys-0881-T1.nii.gz
IXI331IOP0892,examples/T1_brain_parcellation/downloaded/IXI-T1/IXI331-IOP-0892-T1.nii.gz
IXI332IOP1134,examples/T1_brain_parcellation/downloaded/IXI-T1/IXI332-IOP-1134-T1.nii.gz
IXI333IOP0926,examples/T1_brain_parcellation/downloaded/IXI-T1/IXI333-IOP-0926-T1.nii.gz
IXI334HH1907,examples/T1_brain_parcellation/downloaded/IXI-T1/IXI334-HH-1907-T1.nii.gz
IXI335HH1906,examples/T1_brain_parcellation/downloaded/IXI-T1/IXI335-HH-1906-T1.nii.gz
IXI336Guys0904,examples/T1_brain_parcellation/downloaded/IXI-T1/IXI336-Guys-0904-T1.nii.gz
IXI337IOP0929,examples/T1_brain_parcellation/downloaded/IXI-T1/IXI337-IOP-0929-T1.nii.gz
IXI338HH1971,examples/T1_brain_parcellation/downloaded/IXI-T1/IXI338-HH-1971-T1.nii.gz
IXI340IOP0915,examples/T1_brain_parcellation/downloaded/IXI-T1/IXI340-IOP-0915-T1.nii.gz
IXI341Guys0906,examples/T1_brain_parcellation/downloaded/IXI-T1/IXI341-Guys-0906-T1.nii.gz
IXI342Guys0909,examples/T1_brain_parcellation/downloaded/IXI-T1/IXI342-Guys-0909-T1.nii.gz
IXI344Guys0905,examples/T1_brain_parcellation/downloaded/IXI-T1/IXI344-Guys-0905-T1.nii.gz
IXI345IOP0928,examples/T1_brain_parcellation/downloaded/IXI-T1/IXI345-IOP-0928-T1.nii.gz
IXI347IOP0927,examples/T1_brain_parcellation/downloaded/IXI-T1/IXI347-IOP-0927-T1.nii.gz
IXI348Guys0910,examples/T1_brain_parcellation/downloaded/IXI-T1/IXI348-Guys-0910-T1.nii.gz
IXI350Guys0908,examples/T1_brain_parcellation/downloaded/IXI-T1/IXI350-Guys-0908-T1.nii.gz
IXI351Guys0914,examples/T1_brain_parcellation/downloaded/IXI-T1/IXI351-Guys-0914-T1.nii.gz
IXI353HH1996,examples/T1_brain_parcellation/downloaded/IXI-T1/IXI353-HH-1996-T1.nii.gz
IXI354HH2024,examples/T1_brain_parcellation/downloaded/IXI-T1/IXI354-HH-2024-T1.nii.gz
IXI356HH2049,examples/T1_brain_parcellation/downloaded/IXI-T1/IXI356-HH-2049-T1.nii.gz
IXI357HH2076,examples/T1_brain_parcellation/downloaded/IXI-T1/IXI357-HH-2076-T1.nii.gz
IXI358Guys0919,examples/T1_brain_parcellation/downloaded/IXI-T1/IXI358-Guys-0919-T1.nii.gz
IXI359Guys0918,examples/T1_brain_parcellation/downloaded/IXI-T1/IXI359-Guys-0918-T1.nii.gz
IXI360Guys0912,examples/T1_brain_parcellation/downloaded/IXI-T1/IXI360-Guys-0912-T1.nii.gz
IXI361Guys0913,examples/T1_brain_parcellation/downloaded/IXI-T1/IXI361-Guys-0913-T1.nii.gz
IXI362HH2051,examples/T1_brain_parcellation/downloaded/IXI-T1/IXI362-HH-2051-T1.nii.gz
IXI363HH2050,examples/T1_brain_parcellation/downloaded/IXI-T1/IXI363-HH-2050-T1.nii.gz
IXI364Guys0920,examples/T1_brain_parcellation/downloaded/IXI-T1/IXI364-Guys-0920-T1.nii.gz
IXI365Guys0923,examples/T1_brain_parcellation/downloaded/IXI-T1/IXI365-Guys-0923-T1.nii.gz
IXI367Guys0917,examples/T1_brain_parcellation/downloaded/IXI-T1/IXI367-Guys-0917-T1.nii.gz
IXI368Guys0916,examples/T1_brain_parcellation/downloaded/IXI-T1/IXI368-Guys-0916-T1.nii.gz
IXI369Guys0924,examples/T1_brain_parcellation/downloaded/IXI-T1/IXI369-Guys-0924-T1.nii.gz
IXI370Guys0921,examples/T1_brain_parcellation/downloaded/IXI-T1/IXI370-Guys-0921-T1.nii.gz
IXI371IOP0970,examples/T1_brain_parcellation/downloaded/IXI-T1/IXI371-IOP-0970-T1.nii.gz
IXI372IOP0971,examples/T1_brain_parcellation/downloaded/IXI-T1/IXI372-IOP-0971-T1.nii.gz
IXI373IOP0967,examples/T1_brain_parcellation/downloaded/IXI-T1/IXI373-IOP-0967-T1.nii.gz
IXI375Guys0925,examples/T1_brain_parcellation/downloaded/IXI-T1/IXI375-Guys-0925-T1.nii.gz
IXI376Guys0938,examples/T1_brain_parcellation/downloaded/IXI-T1/IXI376-Guys-0938-T1.nii.gz
IXI377Guys0937,examples/T1_brain_parcellation/downloaded/IXI-T1/IXI377-Guys-0937-T1.nii.gz
IXI378IOP0972,examples/T1_brain_parcellation/downloaded/IXI-T1/IXI378-IOP-0972-T1.nii.gz
IXI379Guys0943,examples/T1_brain_parcellation/downloaded/IXI-T1/IXI379-Guys-0943-T1.nii.gz
IXI380Guys0944,examples/T1_brain_parcellation/downloaded/IXI-T1/IXI380-Guys-0944-T1.nii.gz
IXI381Guys1024,examples/T1_brain_parcellation/downloaded/IXI-T1/IXI381-Guys-1024-T1.nii.gz
IXI382IOP1135,examples/T1_brain_parcellation/downloaded/IXI-T1/IXI382-IOP-1135-T1.nii.gz
IXI383HH2099,examples/T1_brain_parcellation/downloaded/IXI-T1/IXI383-HH-2099-T1.nii.gz
IXI384HH2100,examples/T1_brain_parcellation/downloaded/IXI-T1/IXI384-HH-2100-T1.nii.gz
IXI385HH2078,examples/T1_brain_parcellation/downloaded/IXI-T1/IXI385-HH-2078-T1.nii.gz
IXI386HH2077,examples/T1_brain_parcellation/downloaded/IXI-T1/IXI386-HH-2077-T1.nii.gz
IXI387HH2101,examples/T1_brain_parcellation/downloaded/IXI-T1/IXI387-HH-2101-T1.nii.gz
IXI388IOP0973,examples/T1_brain_parcellation/downloaded/IXI-T1/IXI388-IOP-0973-T1.nii.gz
IXI389Guys0930,examples/T1_brain_parcellation/downloaded/IXI-T1/IXI389-Guys-0930-T1.nii.gz
IXI390Guys0931,examples/T1_brain_parcellation/downloaded/IXI-T1/IXI390-Guys-0931-T1.nii.gz
IXI391Guys0934,examples/T1_brain_parcellation/downloaded/IXI-T1/IXI391-Guys-0934-T1.nii.gz
IXI392Guys1064,examples/T1_brain_parcellation/downloaded/IXI-T1/IXI392-Guys-1064-T1.nii.gz
IXI393Guys0941,examples/T1_brain_parcellation/downloaded/IXI-T1/IXI393-Guys-0941-T1.nii.gz
IXI394Guys0940,examples/T1_brain_parcellation/downloaded/IXI-T1/IXI394-Guys-0940-T1.nii.gz
IXI395IOP0969,examples/T1_brain_parcellation/downloaded/IXI-T1/IXI395-IOP-0969-T1.nii.gz
IXI396HH2115,examples/T1_brain_parcellation/downloaded/IXI-T1/IXI396-HH-2115-T1.nii.gz
IXI397Guys0953,examples/T1_brain_parcellation/downloaded/IXI-T1/IXI397-Guys-0953-T1.nii.gz
IXI398Guys0952,examples/T1_brain_parcellation/downloaded/IXI-T1/IXI398-Guys-0952-T1.nii.gz
IXI399Guys0966,examples/T1_brain_parcellation/downloaded/IXI-T1/IXI399-Guys-0966-T1.nii.gz
IXI400Guys0977,examples/T1_brain_parcellation/downloaded/IXI-T1/IXI400-Guys-0977-T1.nii.gz
IXI401Guys0978,examples/T1_brain_parcellation/downloaded/IXI-T1/IXI401-Guys-0978-T1.nii.gz
IXI402Guys0961,examples/T1_brain_parcellation/downloaded/IXI-T1/IXI402-Guys-0961-T1.nii.gz
IXI403Guys0965,examples/T1_brain_parcellation/downloaded/IXI-T1/IXI403-Guys-0965-T1.nii.gz
IXI404Guys0950,examples/T1_brain_parcellation/downloaded/IXI-T1/IXI404-Guys-0950-T1.nii.gz
IXI405Guys0948,examples/T1_brain_parcellation/downloaded/IXI-T1/IXI405-Guys-0948-T1.nii.gz
IXI406Guys0963,examples/T1_brain_parcellation/downloaded/IXI-T1/IXI406-Guys-0963-T1.nii.gz
IXI407Guys0964,examples/T1_brain_parcellation/downloaded/IXI-T1/IXI407-Guys-0964-T1.nii.gz
IXI408Guys0962,examples/T1_brain_parcellation/downloaded/IXI-T1/IXI408-Guys-0962-T1.nii.gz
IXI409Guys0960,examples/T1_brain_parcellation/downloaded/IXI-T1/IXI409-Guys-0960-T1.nii.gz
IXI410Guys0958,examples/T1_brain_parcellation/downloaded/IXI-T1/IXI410-Guys-0958-T1.nii.gz
IXI411Guys0959,examples/T1_brain_parcellation/downloaded/IXI-T1/IXI411-Guys-0959-T1.nii.gz
IXI412Guys0949,examples/T1_brain_parcellation/downloaded/IXI-T1/IXI412-Guys-0949-T1.nii.gz
IXI413Guys0955,examples/T1_brain_parcellation/downloaded/IXI-T1/IXI413-Guys-0955-T1.nii.gz
IXI414Guys0957,examples/T1_brain_parcellation/downloaded/IXI-T1/IXI414-Guys-0957-T1.nii.gz
IXI415Guys0942,examples/T1_brain_parcellation/downloaded/IXI-T1/IXI415-Guys-0942-T1.nii.gz
IXI416Guys1051,examples/T1_brain_parcellation/downloaded/IXI-T1/IXI416-Guys-1051-T1.nii.gz
IXI417Guys0939,examples/T1_brain_parcellation/downloaded/IXI-T1/IXI417-Guys-0939-T1.nii.gz
IXI418Guys0956,examples/T1_brain_parcellation/downloaded/IXI-T1/IXI418-Guys-0956-T1.nii.gz
IXI419Guys1027,examples/T1_brain_parcellation/downloaded/IXI-T1/IXI419-Guys-1027-T1.nii.gz
IXI420Guys1028,examples/T1_brain_parcellation/downloaded/IXI-T1/IXI420-Guys-1028-T1.nii.gz
IXI422Guys1071,examples/T1_brain_parcellation/downloaded/IXI-T1/IXI422-Guys-1071-T1.nii.gz
IXI423IOP0974,examples/T1_brain_parcellation/downloaded/IXI-T1/IXI423-IOP-0974-T1.nii.gz
IXI424IOP0991,examples/T1_brain_parcellation/downloaded/IXI-T1/IXI424-IOP-0991-T1.nii.gz
IXI425IOP0988,examples/T1_brain_parcellation/downloaded/IXI-T1/IXI425-IOP-0988-T1.nii.gz
IXI426IOP1011,examples/T1_brain_parcellation/downloaded/IXI-T1/IXI426-IOP-1011-T1.nii.gz
IXI427IOP1012,examples/T1_brain_parcellation/downloaded/IXI-T1/IXI427-IOP-1012-T1.nii.gz
IXI428Guys0996,examples/T1_brain_parcellation/downloaded/IXI-T1/IXI428-Guys-0996-T1.nii.gz
IXI429Guys0997,examples/T1_brain_parcellation/downloaded/IXI-T1/IXI429-Guys-0997-T1.nii.gz
IXI430IOP0990,examples/T1_brain_parcellation/downloaded/IXI-T1/IXI430-IOP-0990-T1.nii.gz
IXI431Guys0986,examples/T1_brain_parcellation/downloaded/IXI-T1/IXI431-Guys-0986-T1.nii.gz
IXI432Guys0987,examples/T1_brain_parcellation/downloaded/IXI-T1/IXI432-Guys-0987-T1.nii.gz
IXI433IOP0989,examples/T1_brain_parcellation/downloaded/IXI-T1/IXI433-IOP-0989-T1.nii.gz
IXI434IOP1010,examples/T1_brain_parcellation/downloaded/IXI-T1/IXI434-IOP-1010-T1.nii.gz
IXI435IOP1040,examples/T1_brain_parcellation/downloaded/IXI-T1/IXI435-IOP-1040-T1.nii.gz
IXI436HH2153,examples/T1_brain_parcellation/downloaded/IXI-T1/IXI436-HH-2153-T1.nii.gz
IXI437HH2152,examples/T1_brain_parcellation/downloaded/IXI-T1/IXI437-HH-2152-T1.nii.gz
IXI438HH2155,examples/T1_brain_parcellation/downloaded/IXI-T1/IXI438-HH-2155-T1.nii.gz
IXI439HH2114,examples/T1_brain_parcellation/downloaded/IXI-T1/IXI439-HH-2114-T1.nii.gz
IXI440HH2127,examples/T1_brain_parcellation/downloaded/IXI-T1/IXI440-HH-2127-T1.nii.gz
IXI441HH2154,examples/T1_brain_parcellation/downloaded/IXI-T1/IXI441-HH-2154-T1.nii.gz
IXI442IOP1041,examples/T1_brain_parcellation/downloaded/IXI-T1/IXI442-IOP-1041-T1.nii.gz
IXI443HH2215,examples/T1_brain_parcellation/downloaded/IXI-T1/IXI443-HH-2215-T1.nii.gz
IXI444HH2270,examples/T1_brain_parcellation/downloaded/IXI-T1/IXI444-HH-2270-T1.nii.gz
IXI445HH2269,examples/T1_brain_parcellation/downloaded/IXI-T1/IXI445-HH-2269-T1.nii.gz
IXI446HH2325,examples/T1_brain_parcellation/downloaded/IXI-T1/IXI446-HH-2325-T1.nii.gz
IXI447Guys0979,examples/T1_brain_parcellation/downloaded/IXI-T1/IXI447-Guys-0979-T1.nii.gz
IXI448HH2393,examples/T1_brain_parcellation/downloaded/IXI-T1/IXI448-HH-2393-T1.nii.gz
IXI449Guys1082,examples/T1_brain_parcellation/downloaded/IXI-T1/IXI449-Guys-1082-T1.nii.gz
IXI450Guys1093,examples/T1_brain_parcellation/downloaded/IXI-T1/IXI450-Guys-1093-T1.nii.gz
IXI451HH2212,examples/T1_brain_parcellation/downloaded/IXI-T1/IXI451-HH-2212-T1.nii.gz
IXI452HH2213,examples/T1_brain_parcellation/downloaded/IXI-T1/IXI452-HH-2213-T1.nii.gz
IXI453HH2214,examples/T1_brain_parcellation/downloaded/IXI-T1/IXI453-HH-2214-T1.nii.gz
IXI454Guys1083,examples/T1_brain_parcellation/downloaded/IXI-T1/IXI454-Guys-1083-T1.nii.gz
IXI455Guys0981,examples/T1_brain_parcellation/downloaded/IXI-T1/IXI455-Guys-0981-T1.nii.gz
IXI456Guys1019,examples/T1_brain_parcellation/downloaded/IXI-T1/IXI456-Guys-1019-T1.nii.gz
IXI457Guys0984,examples/T1_brain_parcellation/downloaded/IXI-T1/IXI457-Guys-0984-T1.nii.gz
IXI458Guys0993,examples/T1_brain_parcellation/downloaded/IXI-T1/IXI458-Guys-0993-T1.nii.gz
IXI459Guys0992,examples/T1_brain_parcellation/downloaded/IXI-T1/IXI459-Guys-0992-T1.nii.gz
IXI460Guys0999,examples/T1_brain_parcellation/downloaded/IXI-T1/IXI460-Guys-0999-T1.nii.gz
IXI461Guys0998,examples/T1_brain_parcellation/downloaded/IXI-T1/IXI461-Guys-0998-T1.nii.gz
IXI462IOP1042,examples/T1_brain_parcellation/downloaded/IXI-T1/IXI462-IOP-1042-T1.nii.gz
IXI463IOP1043,examples/T1_brain_parcellation/downloaded/IXI-T1/IXI463-IOP-1043-T1.nii.gz
IXI464IOP1029,examples/T1_brain_parcellation/downloaded/IXI-T1/IXI464-IOP-1029-T1.nii.gz
IXI465HH2176,examples/T1_brain_parcellation/downloaded/IXI-T1/IXI465-HH-2176-T1.nii.gz
IXI467Guys0983,examples/T1_brain_parcellation/downloaded/IXI-T1/IXI467-Guys-0983-T1.nii.gz
IXI468Guys0985,examples/T1_brain_parcellation/downloaded/IXI-T1/IXI468-Guys-0985-T1.nii.gz
IXI469IOP1136,examples/T1_brain_parcellation/downloaded/IXI-T1/IXI469-IOP-1136-T1.nii.gz
IXI470IOP1030,examples/T1_brain_parcellation/downloaded/IXI-T1/IXI470-IOP-1030-T1.nii.gz
IXI473IOP1137,examples/T1_brain_parcellation/downloaded/IXI-T1/IXI473-IOP-1137-T1.nii.gz
IXI474IOP1138,examples/T1_brain_parcellation/downloaded/IXI-T1/IXI474-IOP-1138-T1.nii.gz
IXI475IOP1139,examples/T1_brain_parcellation/downloaded/IXI-T1/IXI475-IOP-1139-T1.nii.gz
IXI476IOP1140,examples/T1_brain_parcellation/downloaded/IXI-T1/IXI476-IOP-1140-T1.nii.gz
IXI477IOP1141,examples/T1_brain_parcellation/downloaded/IXI-T1/IXI477-IOP-1141-T1.nii.gz
IXI478IOP1142,examples/T1_brain_parcellation/downloaded/IXI-T1/IXI478-IOP-1142-T1.nii.gz
IXI479Guys1034,examples/T1_brain_parcellation/downloaded/IXI-T1/IXI479-Guys-1034-T1.nii.gz
IXI480Guys1033,examples/T1_brain_parcellation/downloaded/IXI-T1/IXI480-Guys-1033-T1.nii.gz
IXI481HH2175,examples/T1_brain_parcellation/downloaded/IXI-T1/IXI481-HH-2175-T1.nii.gz
IXI482HH2178,examples/T1_brain_parcellation/downloaded/IXI-T1/IXI482-HH-2178-T1.nii.gz
IXI483HH2177,examples/T1_brain_parcellation/downloaded/IXI-T1/IXI483-HH-2177-T1.nii.gz
IXI484HH2179,examples/T1_brain_parcellation/downloaded/IXI-T1/IXI484-HH-2179-T1.nii.gz
IXI485HH2180,examples/T1_brain_parcellation/downloaded/IXI-T1/IXI485-HH-2180-T1.nii.gz
IXI486Guys1005,examples/T1_brain_parcellation/downloaded/IXI-T1/IXI486-Guys-1005-T1.nii.gz
IXI487Guys1037,examples/T1_brain_parcellation/downloaded/IXI-T1/IXI487-Guys-1037-T1.nii.gz
IXI488Guys1015,examples/T1_brain_parcellation/downloaded/IXI-T1/IXI488-Guys-1015-T1.nii.gz
IXI489Guys1014,examples/T1_brain_parcellation/downloaded/IXI-T1/IXI489-Guys-1014-T1.nii.gz
IXI490Guys1018,examples/T1_brain_parcellation/downloaded/IXI-T1/IXI490-Guys-1018-T1.nii.gz
IXI491Guys1032,examples/T1_brain_parcellation/downloaded/IXI-T1/IXI491-Guys-1032-T1.nii.gz
IXI492Guys1022,examples/T1_brain_parcellation/downloaded/IXI-T1/IXI492-Guys-1022-T1.nii.gz
IXI493Guys1007,examples/T1_brain_parcellation/downloaded/IXI-T1/IXI493-Guys-1007-T1.nii.gz
IXI494Guys1008,examples/T1_brain_parcellation/downloaded/IXI-T1/IXI494-Guys-1008-T1.nii.gz
IXI495Guys1009,examples/T1_brain_parcellation/downloaded/IXI-T1/IXI495-Guys-1009-T1.nii.gz
IXI496Guys1045,examples/T1_brain_parcellation/downloaded/IXI-T1/IXI496-Guys-1045-T1.nii.gz
IXI497Guys1002,examples/T1_brain_parcellation/downloaded/IXI-T1/IXI497-Guys-1002-T1.nii.gz
IXI498Guys1050,examples/T1_brain_parcellation/downloaded/IXI-T1/IXI498-Guys-1050-T1.nii.gz
IXI499Guys1004,examples/T1_brain_parcellation/downloaded/IXI-T1/IXI499-Guys-1004-T1.nii.gz
IXI500Guys1017,examples/T1_brain_parcellation/downloaded/IXI-T1/IXI500-Guys-1017-T1.nii.gz
IXI501Guys1016,examples/T1_brain_parcellation/downloaded/IXI-T1/IXI501-Guys-1016-T1.nii.gz
IXI502Guys1020,examples/T1_brain_parcellation/downloaded/IXI-T1/IXI502-Guys-1020-T1.nii.gz
IXI503Guys1021,examples/T1_brain_parcellation/downloaded/IXI-T1/IXI503-Guys-1021-T1.nii.gz
IXI504Guys1025,examples/T1_brain_parcellation/downloaded/IXI-T1/IXI504-Guys-1025-T1.nii.gz
IXI505Guys1026,examples/T1_brain_parcellation/downloaded/IXI-T1/IXI505-Guys-1026-T1.nii.gz
IXI506Guys1035,examples/T1_brain_parcellation/downloaded/IXI-T1/IXI506-Guys-1035-T1.nii.gz
IXI507Guys1036,examples/T1_brain_parcellation/downloaded/IXI-T1/IXI507-Guys-1036-T1.nii.gz
IXI508HH2268,examples/T1_brain_parcellation/downloaded/IXI-T1/IXI508-HH-2268-T1.nii.gz
IXI510IOP1143,examples/T1_brain_parcellation/downloaded/IXI-T1/IXI510-IOP-1143-T1.nii.gz
IXI511HH2238,examples/T1_brain_parcellation/downloaded/IXI-T1/IXI511-HH-2238-T1.nii.gz
IXI512Guys1054,examples/T1_brain_parcellation/downloaded/IXI-T1/IXI512-Guys-1054-T1.nii.gz
IXI515HH2377,examples/T1_brain_parcellation/downloaded/IXI-T1/IXI515-HH-2377-T1.nii.gz
IXI516HH2297,examples/T1_brain_parcellation/downloaded/IXI-T1/IXI516-HH-2297-T1.nii.gz
IXI517IOP1144,examples/T1_brain_parcellation/downloaded/IXI-T1/IXI517-IOP-1144-T1.nii.gz
IXI518HH2239,examples/T1_brain_parcellation/downloaded/IXI-T1/IXI518-HH-2239-T1.nii.gz
IXI519HH2240,examples/T1_brain_parcellation/downloaded/IXI-T1/IXI519-HH-2240-T1.nii.gz
IXI521HH2353,examples/T1_brain_parcellation/downloaded/IXI-T1/IXI521-HH-2353-T1.nii.gz
IXI522HH2453,examples/T1_brain_parcellation/downloaded/IXI-T1/IXI522-HH-2453-T1.nii.gz
IXI523Guys1056,examples/T1_brain_parcellation/downloaded/IXI-T1/IXI523-Guys-1056-T1.nii.gz
IXI524HH2412,examples/T1_brain_parcellation/downloaded/IXI-T1/IXI524-HH-2412-T1.nii.gz
IXI525HH2413,examples/T1_brain_parcellation/downloaded/IXI-T1/IXI525-HH-2413-T1.nii.gz
IXI526HH2392,examples/T1_brain_parcellation/downloaded/IXI-T1/IXI526-HH-2392-T1.nii.gz
IXI527HH2376,examples/T1_brain_parcellation/downloaded/IXI-T1/IXI527-HH-2376-T1.nii.gz
IXI528Guys1073,examples/T1_brain_parcellation/downloaded/IXI-T1/IXI528-Guys-1073-T1.nii.gz
IXI531Guys1057,examples/T1_brain_parcellation/downloaded/IXI-T1/IXI531-Guys-1057-T1.nii.gz
IXI532IOP1145,examples/T1_brain_parcellation/downloaded/IXI-T1/IXI532-IOP-1145-T1.nii.gz
IXI533Guys1066,examples/T1_brain_parcellation/downloaded/IXI-T1/IXI533-Guys-1066-T1.nii.gz
IXI534Guys1062,examples/T1_brain_parcellation/downloaded/IXI-T1/IXI534-Guys-1062-T1.nii.gz
IXI535Guys1061,examples/T1_brain_parcellation/downloaded/IXI-T1/IXI535-Guys-1061-T1.nii.gz
IXI536Guys1059,examples/T1_brain_parcellation/downloaded/IXI-T1/IXI536-Guys-1059-T1.nii.gz
IXI537HH2378,examples/T1_brain_parcellation/downloaded/IXI-T1/IXI537-HH-2378-T1.nii.gz
IXI538HH2411,examples/T1_brain_parcellation/downloaded/IXI-T1/IXI538-HH-2411-T1.nii.gz
IXI539Guys1067,examples/T1_brain_parcellation/downloaded/IXI-T1/IXI539-Guys-1067-T1.nii.gz
IXI541IOP1146,examples/T1_brain_parcellation/downloaded/IXI-T1/IXI541-IOP-1146-T1.nii.gz
IXI542IOP1147,examples/T1_brain_parcellation/downloaded/IXI-T1/IXI542-IOP-1147-T1.nii.gz
IXI543IOP1148,examples/T1_brain_parcellation/downloaded/IXI-T1/IXI543-IOP-1148-T1.nii.gz
IXI544HH2395,examples/T1_brain_parcellation/downloaded/IXI-T1/IXI544-HH-2395-T1.nii.gz
IXI546HH2450,examples/T1_brain_parcellation/downloaded/IXI-T1/IXI546-HH-2450-T1.nii.gz
IXI547IOP1149,examples/T1_brain_parcellation/downloaded/IXI-T1/IXI547-IOP-1149-T1.nii.gz
IXI548IOP1150,examples/T1_brain_parcellation/downloaded/IXI-T1/IXI548-IOP-1150-T1.nii.gz
IXI549Guys1046,examples/T1_brain_parcellation/downloaded/IXI-T1/IXI549-Guys-1046-T1.nii.gz
IXI550Guys1069,examples/T1_brain_parcellation/downloaded/IXI-T1/IXI550-Guys-1069-T1.nii.gz
IXI551Guys1065,examples/T1_brain_parcellation/downloaded/IXI-T1/IXI551-Guys-1065-T1.nii.gz
IXI552Guys1063,examples/T1_brain_parcellation/downloaded/IXI-T1/IXI552-Guys-1063-T1.nii.gz
IXI553IOP1151,examples/T1_brain_parcellation/downloaded/IXI-T1/IXI553-IOP-1151-T1.nii.gz
IXI554Guys1068,examples/T1_brain_parcellation/downloaded/IXI-T1/IXI554-Guys-1068-T1.nii.gz
IXI555Guys1074,examples/T1_brain_parcellation/downloaded/IXI-T1/IXI555-Guys-1074-T1.nii.gz
IXI556HH2452,examples/T1_brain_parcellation/downloaded/IXI-T1/IXI556-HH-2452-T1.nii.gz
IXI558Guys1079,examples/T1_brain_parcellation/downloaded/IXI-T1/IXI558-Guys-1079-T1.nii.gz
IXI559HH2394,examples/T1_brain_parcellation/downloaded/IXI-T1/IXI559-HH-2394-T1.nii.gz
IXI560Guys1070,examples/T1_brain_parcellation/downloaded/IXI-T1/IXI560-Guys-1070-T1.nii.gz
IXI561IOP1152,examples/T1_brain_parcellation/downloaded/IXI-T1/IXI561-IOP-1152-T1.nii.gz
IXI562Guys1131,examples/T1_brain_parcellation/downloaded/IXI-T1/IXI562-Guys-1131-T1.nii.gz
IXI563IOP1153,examples/T1_brain_parcellation/downloaded/IXI-T1/IXI563-IOP-1153-T1.nii.gz
IXI565HH2534,examples/T1_brain_parcellation/downloaded/IXI-T1/IXI565-HH-2534-T1.nii.gz
IXI566HH2535,examples/T1_brain_parcellation/downloaded/IXI-T1/IXI566-HH-2535-T1.nii.gz
IXI567HH2536,examples/T1_brain_parcellation/downloaded/IXI-T1/IXI567-HH-2536-T1.nii.gz
IXI568HH2607,examples/T1_brain_parcellation/downloaded/IXI-T1/IXI568-HH-2607-T1.nii.gz
IXI569Guys1101,examples/T1_brain_parcellation/downloaded/IXI-T1/IXI569-Guys-1101-T1.nii.gz
IXI571IOP1154,examples/T1_brain_parcellation/downloaded/IXI-T1/IXI571-IOP-1154-T1.nii.gz
IXI572HH2605,examples/T1_brain_parcellation/downloaded/IXI-T1/IXI572-HH-2605-T1.nii.gz
IXI573IOP1155,examples/T1_brain_parcellation/downloaded/IXI-T1/IXI573-IOP-1155-T1.nii.gz
IXI574IOP1156,examples/T1_brain_parcellation/downloaded/IXI-T1/IXI574-IOP-1156-T1.nii.gz
IXI575HH2658,examples/T1_brain_parcellation/downloaded/IXI-T1/IXI575-HH-2658-T1.nii.gz
IXI576Guys1077,examples/T1_brain_parcellation/downloaded/IXI-T1/IXI576-Guys-1077-T1.nii.gz
IXI577HH2661,examples/T1_brain_parcellation/downloaded/IXI-T1/IXI577-HH-2661-T1.nii.gz
IXI578Guys1078,examples/T1_brain_parcellation/downloaded/IXI-T1/IXI578-Guys-1078-T1.nii.gz
IXI579Guys1126,examples/T1_brain_parcellation/downloaded/IXI-T1/IXI579-Guys-1126-T1.nii.gz
IXI582Guys1127,examples/T1_brain_parcellation/downloaded/IXI-T1/IXI582-Guys-1127-T1.nii.gz
IXI584Guys1129,examples/T1_brain_parcellation/downloaded/IXI-T1/IXI584-Guys-1129-T1.nii.gz
IXI585Guys1130,examples/T1_brain_parcellation/downloaded/IXI-T1/IXI585-Guys-1130-T1.nii.gz
IXI586HH2451,examples/T1_brain_parcellation/downloaded/IXI-T1/IXI586-HH-2451-T1.nii.gz
IXI587Guys1128,examples/T1_brain_parcellation/downloaded/IXI-T1/IXI587-Guys-1128-T1.nii.gz
IXI588IOP1158,examples/T1_brain_parcellation/downloaded/IXI-T1/IXI588-IOP-1158-T1.nii.gz
IXI589Guys1080,examples/T1_brain_parcellation/downloaded/IXI-T1/IXI589-Guys-1080-T1.nii.gz
IXI591Guys1084,examples/T1_brain_parcellation/downloaded/IXI-T1/IXI591-Guys-1084-T1.nii.gz
IXI592Guys1085,examples/T1_brain_parcellation/downloaded/IXI-T1/IXI592-Guys-1085-T1.nii.gz
IXI593Guys1109,examples/T1_brain_parcellation/downloaded/IXI-T1/IXI593-Guys-1109-T1.nii.gz
IXI594Guys1089,examples/T1_brain_parcellation/downloaded/IXI-T1/IXI594-Guys-1089-T1.nii.gz
IXI595IOP1159,examples/T1_brain_parcellation/downloaded/IXI-T1/IXI595-IOP-1159-T1.nii.gz
IXI596IOP1160,examples/T1_brain_parcellation/downloaded/IXI-T1/IXI596-IOP-1160-T1.nii.gz
IXI597IOP1161,examples/T1_brain_parcellation/downloaded/IXI-T1/IXI597-IOP-1161-T1.nii.gz
IXI598HH2606,examples/T1_brain_parcellation/downloaded/IXI-T1/IXI598-HH-2606-T1.nii.gz
IXI599HH2659,examples/T1_brain_parcellation/downloaded/IXI-T1/IXI599-HH-2659-T1.nii.gz
IXI600HH2660,examples/T1_brain_parcellation/downloaded/IXI-T1/IXI600-HH-2660-T1.nii.gz
IXI601HH2700,examples/T1_brain_parcellation/downloaded/IXI-T1/IXI601-HH-2700-T1.nii.gz
IXI603HH2701,examples/T1_brain_parcellation/downloaded/IXI-T1/IXI603-HH-2701-T1.nii.gz
IXI605HH2598,examples/T1_brain_parcellation/downloaded/IXI-T1/IXI605-HH-2598-T1.nii.gz
IXI606HH2601,examples/T1_brain_parcellation/downloaded/IXI-T1/IXI606-HH-2601-T1.nii.gz
IXI607Guys1097,examples/T1_brain_parcellation/downloaded/IXI-T1/IXI607-Guys-1097-T1.nii.gz
IXI608HH2599,examples/T1_brain_parcellation/downloaded/IXI-T1/IXI608-HH-2599-T1.nii.gz
IXI609HH2600,examples/T1_brain_parcellation/downloaded/IXI-T1/IXI609-HH-2600-T1.nii.gz
IXI610HH2649,examples/T1_brain_parcellation/downloaded/IXI-T1/IXI610-HH-2649-T1.nii.gz
IXI611HH2650,examples/T1_brain_parcellation/downloaded/IXI-T1/IXI611-HH-2650-T1.nii.gz
IXI612HH2688,examples/T1_brain_parcellation/downloaded/IXI-T1/IXI612-HH-2688-T1.nii.gz
IXI613HH2734,examples/T1_brain_parcellation/downloaded/IXI-T1/IXI613-HH-2734-T1.nii.gz
IXI614HH2735,examples/T1_brain_parcellation/downloaded/IXI-T1/IXI614-HH-2735-T1.nii.gz
IXI616Guys1092,examples/T1_brain_parcellation/downloaded/IXI-T1/IXI616-Guys-1092-T1.nii.gz
IXI617Guys1090,examples/T1_brain_parcellation/downloaded/IXI-T1/IXI617-Guys-1090-T1.nii.gz
IXI618Guys1091,examples/T1_brain_parcellation/downloaded/IXI-T1/IXI618-Guys-1091-T1.nii.gz
IXI619Guys1099,examples/T1_brain_parcellation/downloaded/IXI-T1/IXI619-Guys-1099-T1.nii.gz
IXI621Guys1100,examples/T1_brain_parcellation/downloaded/IXI-T1/IXI621-Guys-1100-T1.nii.gz
IXI622Guys1102,examples/T1_brain_parcellation/downloaded/IXI-T1/IXI622-Guys-1102-T1.nii.gz
IXI623Guys1076,examples/T1_brain_parcellation/downloaded/IXI-T1/IXI623-Guys-1076-T1.nii.gz
IXI625Guys1098,examples/T1_brain_parcellation/downloaded/IXI-T1/IXI625-Guys-1098-T1.nii.gz
IXI626Guys1094,examples/T1_brain_parcellation/downloaded/IXI-T1/IXI626-Guys-1094-T1.nii.gz
IXI627Guys1103,examples/T1_brain_parcellation/downloaded/IXI-T1/IXI627-Guys-1103-T1.nii.gz
IXI629Guys1095,examples/T1_brain_parcellation/downloaded/IXI-T1/IXI629-Guys-1095-T1.nii.gz
IXI630Guys1108,examples/T1_brain_parcellation/downloaded/IXI-T1/IXI630-Guys-1108-T1.nii.gz
IXI631HH2651,examples/T1_brain_parcellation/downloaded/IXI-T1/IXI631-HH-2651-T1.nii.gz
IXI632HH2652,examples/T1_brain_parcellation/downloaded/IXI-T1/IXI632-HH-2652-T1.nii.gz
IXI633HH2689,examples/T1_brain_parcellation/downloaded/IXI-T1/IXI633-HH-2689-T1.nii.gz
IXI634HH2690,examples/T1_brain_parcellation/downloaded/IXI-T1/IXI634-HH-2690-T1.nii.gz
IXI635HH2691,examples/T1_brain_parcellation/downloaded/IXI-T1/IXI635-HH-2691-T1.nii.gz
IXI636HH2733,examples/T1_brain_parcellation/downloaded/IXI-T1/IXI636-HH-2733-T1.nii.gz
IXI637HH2785,examples/T1_brain_parcellation/downloaded/IXI-T1/IXI637-HH-2785-T1.nii.gz
IXI638HH2786,examples/T1_brain_parcellation/downloaded/IXI-T1/IXI638-HH-2786-T1.nii.gz
IXI639Guys1088,examples/T1_brain_parcellation/downloaded/IXI-T1/IXI639-Guys-1088-T1.nii.gz
IXI640Guys1106,examples/T1_brain_parcellation/downloaded/IXI-T1/IXI640-Guys-1106-T1.nii.gz
IXI641Guys1105,examples/T1_brain_parcellation/downloaded/IXI-T1/IXI641-Guys-1105-T1.nii.gz
IXI642Guys1104,examples/T1_brain_parcellation/downloaded/IXI-T1/IXI642-Guys-1104-T1.nii.gz
IXI643HH2787,examples/T1_brain_parcellation/downloaded/IXI-T1/IXI643-HH-2787-T1.nii.gz
IXI644Guys1121,examples/T1_brain_parcellation/downloaded/IXI-T1/IXI644-Guys-1121-T1.nii.gz
IXI646HH2653,examples/T1_brain_parcellation/downloaded/IXI-T1/IXI646-HH-2653-T1.nii.gz
IXI648Guys1107,examples/T1_brain_parcellation/downloaded/IXI-T1/IXI648-Guys-1107-T1.nii.gz
IXI651Guys1118,examples/T1_brain_parcellation/downloaded/IXI-T1/IXI651-Guys-1118-T1.nii.gz
IXI652Guys1116,examples/T1_brain_parcellation/downloaded/IXI-T1/IXI652-Guys-1116-T1.nii.gz
IXI653Guys1122,examples/T1_brain_parcellation/downloaded/IXI-T1/IXI653-Guys-1122-T1.nii.gz
IXI661HH2788,examples/T1_brain_parcellation/downloaded/IXI-T1/IXI661-HH-2788-T1.nii.gz
IXI662Guys1120,examples/T1_brain_parcellation/downloaded/IXI-T1/IXI662-Guys-1120-T1.nii.gz
